{
  "main": {
    "id": "2fed656ab6230abf",
    "type": "split",
    "children": [
      {
        "id": "4eceb7b356eb2c9a",
        "type": "tabs",
        "children": [
          {
            "id": "e08363a05b1e300e",
            "type": "leaf",
            "state": {
              "type": "markdown",
              "state": {
                "file": "Buffer Overflow/Buffer Overflow (AT).md",
                "mode": "source",
                "source": true
              }
            }
          }
        ]
      }
    ],
    "direction": "vertical"
  },
  "left": {
    "id": "2bb5715384117cca",
    "type": "split",
    "children": [
      {
        "id": "b40bc66f23c0536c",
        "type": "tabs",
        "children": [
          {
            "id": "d657d640186835ac",
            "type": "leaf",
            "state": {
              "type": "file-explorer",
              "state": {
                "sortOrder": "byCreatedTimeReverse"
              }
            }
          },
          {
            "id": "4149222abfa94116",
            "type": "leaf",
            "state": {
              "type": "search",
              "state": {
                "query": "",
                "matchingCase": false,
                "explainSearch": false,
                "collapseAll": false,
                "extraContext": false,
                "sortOrder": "alphabetical"
              }
            }
          },
          {
            "id": "8dde963a18e3a810",
            "type": "leaf",
            "state": {
              "type": "bookmarks",
              "state": {}
            }
          }
        ]
      }
    ],
    "direction": "horizontal",
    "width": 349.5
  },
  "right": {
    "id": "2a23771405984ae4",
    "type": "split",
    "children": [
      {
        "id": "797a3534c1428d76",
        "type": "tabs",
        "children": [
          {
            "id": "83f5b5c0fad75e0c",
            "type": "leaf",
            "state": {
              "type": "backlink",
              "state": {
                "file": "Buffer Overflow/Buffer Overflow (AT).md",
                "collapseAll": true,
                "extraContext": true,
                "sortOrder": "alphabetical",
                "showSearch": false,
                "searchQuery": "",
                "backlinkCollapsed": false,
                "unlinkedCollapsed": true
              }
            }
          },
          {
            "id": "1429939b45b34bcf",
            "type": "leaf",
            "state": {
              "type": "outgoing-link",
              "state": {
                "file": "Buffer Overflow/Buffer Overflow (AT).md",
                "linksCollapsed": false,
                "unlinkedCollapsed": true
              }
            }
          },
          {
            "id": "b3af65ee184301d8",
            "type": "leaf",
            "state": {
              "type": "tag",
              "state": {
                "sortOrder": "frequency",
                "useHierarchy": true
              }
            }
          },
          {
            "id": "fcb0bffaeab08929",
            "type": "leaf",
            "state": {
              "type": "outline",
              "state": {
                "file": "Buffer Overflow/Buffer Overflow (AT).md"
              }
            }
          }
        ]
      }
    ],
    "direction": "horizontal",
    "width": 300
  },
  "left-ribbon": {
    "hiddenItems": {
      "switcher:Open quick switcher": false,
      "graph:Open graph view": false,
      "canvas:Create new canvas": false,
      "daily-notes:Open today's daily note": false,
      "templates:Insert template": false,
      "command-palette:Open command palette": false,
      "obsidian-full-calendar:Open Full Calendar": false
    }
  },
  "active": "e08363a05b1e300e",
  "lastOpenFiles": [
    "Bots and Botnets/Bots and Botnets (AT).md",
    "Bluejacking & Bluesnarfing/Bluejacking & Bluesnarfing (AT).md",
    "Adversarial Artificial Intelligence/Adversarial Artificial Intelligence (AT).md",
    "Secure Coding Techniques/Secure Coding Techniques.md",
    "On-Path Attacks/On-Path Attacks.md",
    "Embedded Systems.md",
    "Embedded Systems",
    "Resilience/Resilience.md",
    "Backup Types/Backup Types.md",
    "Replication/Replication.md",
    "Power Redundancy/Power Redundancy.md",
    "Network Redundancy/Network Redundancy.md",
    "Disk Redundancy/Disk Redundancy.md",
    "Multi-Factor Authentication (MFA)/Multi-Factor Authentication (MFA).md",
    "Biometrics/Biometrics.md",
    "Authentication Methods/Authentication Methods.md",
    "Automation and Scripting/Automation and Scripting.md",
    "Software Diversity/Software Diversity.md",
    "Resilience",
    "Backup Types",
    "Replication",
    "Power Redundancy",
    "Network Redundancy",
    "Disk Redundancy",
    "Multi-Factor Authentication (MFA)",
    "Biometrics",
    "Authentication Methods",
    "Provisioning and Deprovisioning/Provisioning and Deprovisioning.md",
    "Secure Software Development/Secure Software Development.md",
    "Virtualization Security/Virtualization Security.md",
    "Designing the Cloud/Designing the Cloud.md",
    "Edge and Fog Computing/Edge and Fog Computing.md",
    "Cloud Models/Cloud Models.md",
    "Honeypots and Deception/Honeypots and Deception.md",
    "Site Resilience/Site Resilience.md",
    "Managing Security/Managing Security.md",
    "Dumpster Diving/Untitled.canvas",
    "Impersonation/Impersonation.canvas",
    "Phishing/Phishing.canvas"
  ]
}